<objectRuleList xmlns:xsi="http://www.w3.org/2001/XMLSchema-instance"
	xsi:noNamespaceSchemaLocation="http://www.psidev.info/files/validator/object-rule.xsd">
    <!-- List of rules that this specific validator should use (Provide class names)-->
	<rule class="psidev.psi.pi.validator.objectrules.AdditionalSearchParamsObjectRule"/>
    <rule class="psidev.psi.pi.validator.objectrules.CvListObjectRule"/>
    <rule class="psidev.psi.pi.validator.objectrules.OrganizationObjectRule"/>
    <rule class="psidev.psi.pi.validator.objectrules.PeptideLevelStatsObjectRule"/>
    <rule class="psidev.psi.pi.validator.objectrules.PersonObjectRule"/>
    <rule class="psidev.psi.pi.validator.objectrules.ProteinAmbiguityGroupObjectRule"/>
    <rule class="psidev.psi.pi.validator.objectrules.ProteinDetectionListObjectRule"/>
    <rule class="psidev.psi.pi.validator.objectrules.ProteoGenomicsObjectRule"/>
    <rule class="psidev.psi.pi.validator.objectrules.SIIModLocalizationScoringRule"/>
    <rule class="psidev.psi.pi.validator.objectrules.SILCheckForFinalPSMListRule"/>
    <rule class="psidev.psi.pi.validator.objectrules.SIRUniqueSpectrumIDSpectrumRefCombinationRule"/>
    <rule class="psidev.psi.pi.validator.objectrules.SearchModificationRule"/>
    <rule class="psidev.psi.pi.validator.objectrules.SpectrumIdentificationItemNullPeptideEvidenceRefObjectRule"/>
    <rule class="psidev.psi.pi.validator.objectrules.SpectrumIdentificationItemPeptideEvidenceRefObjectRule"/>
    <rule class="psidev.psi.pi.validator.objectrules.XLinkPeptideModificationObjectRule"/>
    <rule class="psidev.psi.pi.validator.objectrules.XLinkSIIObjectRule"/>
</objectRuleList>