Spectrum number,Filename/id,Peptide,E-value,Mass,GI,Accession,Start,Stop,Defline,Mods,Charge,Theo Mass,Tandem Hyperscore
89,12.7703.7919.1.dta ,CPGMG,8.2e+000,520.955,,psu|NC_LIV_114740,1468,1472,,"57.0215_C:1,15.9949_M:4,-17.0265_C:1",1,520.153,13.3
23,12.353.353.3.dta ,AAAAAEGAEAGAAGESATRPK,5.2e-003,1856.79,,psu|NC_LIV_114740,2761,2781,,,3,1856.910,47.8
15,12.2127.2179.3.dta ,EEDLAEGGDGPENGGGDGDDADAK,3.7e-001,2290.08,,psu|NC_LIV_104330,704,727,,,3,2289.886,47.5
82,12.7236.7273.1.dta ,VGALDPAP,6.5e-001,738.834,,Rnd3psu|NC_LIV_141920,57,64,,,1,739.398,21.7
21,12.346.346.3.dta ,RFVPAPPAGGAHRL,6.7e-001,1445.55,,Rnd3psu|NC_LIV_141920,2889,2902,,,3,1445.812,32.8
48,12.5700.5700.2.dta ,EFLVSGTTEAK,8.5e-001,1181.23,,psu|NC_LIV_060730,815,825,,,2,1181.605,21.5
27,12.363.372.3.dta ,MPSDPAQELAPGPRR,9.7e-001,1620.8,,Rnd3psu|NC_LIV_070490,763,777,,,3,1621.811,37.6
6,12.1574.1577.2.dta ,NCAMRLVAQK,1.0e+000,1206.67,,Rnd1psu|NC_LIV_110750,130,139,,"57.0215_C:2,15.9949_M:4",2,1206.608,36.0
2,12.1068.1073.2.dta ,AGMTCAKGGALR,1.2e+000,1191.57,,Rnd3psu|NC_LIV_145740,275,286,,57.0215_C:5,2,1192.593,24.9
28,12.365.370.2.dta ,AAKQVACADAVYAR,1.3e+000,1493.59,,Rnd2psu|NC_LIV_121590,1520,1533,,57.0215_C:7,2,1493.753,30.6
18,12.2271.2276.3.dta ,ASDASRHGQNGEPALKPGDQK,1.3e+000,2162.88,,Rnd2psu|NC_LIV_030050,495,515,,,3,2163.054,46.6
25,12.358.358.3.dta ,DLTMAFDSPLTFAPSFTYAVLESSR,1.5e+000,2781.69,,Rnd3psu|NC_LIV_141920,3007,3031,,15.9949_M:4,3,2782.328,27.4
98,12.7967.7970.2.dta ,GVSTPDSTTTEER,1.6e+000,1379.38,,psu|NC_LIV_134310,776,788,,,2,1379.628,22.5
22,12.349.351.3.dta ,LVSANPAGIRDGHSK,1.6e+000,1522.68,,Rnd2psu|NC_LIV_122530,7914,7928,,,3,1521.813,33.6
16,12.2164.2167.2.dta ,RATFVRPVQGGEEKPR,2.2e+000,1826.91,,Rnd1psu|NC_LIV_020010,3139,3154,,,2,1826.998,27.6
100,12.7983.7988.2.dta ,LETGARADELAR,2.6e+000,1301.14,,Rnd2psu|NC_LIV_080040,1190,1201,,,2,1301.681,27.0
1,12.1062.1065.2.dta ,SSSSAQGAAPASR,2.6e+000,1175.65,,psu|NC_LIV_081890,184,196,,,2,1176.560,35.7
20,12.346.346.2.dta ,GGPAAPAVAPR,2.9e+000,964.033,,Rnd3psu|NC_LIV_060340,2351,2361,,,2,963.537,21.1
17,12.2269.2274.2.dta ,RPANGILGQDLSSVPLSPQGR,3.1e+000,2163.08,,Rnd3psu|NC_LIV_082640,330,350,,,2,2162.168,28.4
93,12.7945.7950.1.dta ,YSAYV,3.1e+000,603.111,,psu|NC_LIV_134290,764,768,,,1,602.282,14.3
9,12.1892.1895.1.dta ,EQSDS,3.2e+000,547.28,,Rnd2psu|NC_LIV_122530,1185,1189,,-18.0106_E:1,1,547.199,15.2
7,12.1651.1654.2.dta ,MLGDDSGDFEGDEK,3.3e+000,1530.94,,Rnd1psu|NC_LIV_145330,531,544,,15.9949_M:1,2,1530.590,29.9
99,12.7973.7973.1.dta ,KPPGGHK,3.5e+000,719.241,,Rnd2psu|NC_LIV_134490,793,799,,,1,720.415,18.0
102,12.819.927.3.dta ,RDFSGSPAPLVR,3.6e+000,1301.62,,psu|NC_LIV_093170,529,540,,,3,1301.696,19.4
19,12.2666.2669.3.dta ,GEEYDAGRSSQPYALISEADEAGELR,3.8e+000,2813.19,,Rnd2psu|NC_LIV_145560,79,104,,,3,2813.286,37.4
95,12.7957.7960.1.dta ,LQGGF,3.9e+000,520.97,,Rnd1psu|NC_LIV_020010,239,243,,,1,521.272,12.4
84,12.7253.7258.1.dta ,CQGGVSK,4.3e+000,716.927,,Rnd3psu|NC_LIV_091610,1188,1194,,"57.0215_C:1,-17.0265_C:1",1,718.319,18.2
0,12.1045.1168.2.dta ,AFNSEGESRR,4.6e+000,1153.97,,Rnd2psu|NC_LIV_111080,486,495,,,2,1152.539,25.6
96,12.7962.7962.1.dta ,GKPLRK,5.4e+000,697.202,,psu|NC_LIV_010500,858,863,,,1,698.467,17.1
94,12.7948.7955.1.dta ,GPGLFR,6.4e+000,645.95,,Rnd3psu|NC_LIV_051430,1167,1172,,,1,646.367,14.2
101,12.7983.7988.3.dta ,DADAGELSSPPATGPGGLALR,8.9e+000,1951.2,,Rnd3psu|NC_LIV_011330,828,848,,,3,1951.972,34.3
8,12.1712.1715.1.dta ,SGPSR,9.4e+000,503.252,,Rnd1psu|NC_LIV_123210,516,520,,,1,503.2572,14.5
8,12.1712.1715.1.dta ,SGPSR,9.4e+000,503.252,,Rnd1psu|NC_LIV_122790,331,335,,,1,503.2572,14.5
