<?xml version="1.0" encoding="UTF-8" standalone="yes"?>
<!--
Configurations for various properties of model classes.

        - autoRefResolving This determines if references within a class are automatically resolved. For example,
            PeptideEvidence contains references to three separate classes. Setting this property to true for the
            PeptideEvidence config will cause these references to be resolved during unmarshaling.
        - An element cannot be idMapped if it is not indexed.
        - xpath entries with leading or trailing whitespace will prevent elements from being indexed!
            make sure to use a non-whitespace notation:
              <xpath>/MzIdentML/xyz</xpath>
            instead of line breaks:
              <xpath>
                /MzIdentML/xyz
              </xpath>
-->
<mzIdentMLElementProperties>
    <configurations>
        <autoRefResolving>false</autoRefResolving>
        <cached>false</cached>
        <idMapped>false</idMapped>
        <indexed>false</indexed>
    </configurations>
    <configurations>
        <autoRefResolving>false</autoRefResolving>
        <cached>false</cached>
        <clazz>uk.ac.ebi.jmzidml.model.mzidml.AbstractContact</clazz>
        <idMapped>false</idMapped>
        <indexed>false</indexed>
    </configurations>
    <configurations>
        <autoRefResolving>false</autoRefResolving>
        <cached>false</cached>
        <clazz>uk.ac.ebi.jmzidml.model.mzidml.AbstractParam</clazz>
        <idMapped>false</idMapped>
        <indexed>false</indexed>
        <refResolverClass>uk.ac.ebi.jmzidml.xml.jaxb.resolver.AbstractParamUnitCvRefResolver</refResolverClass>
    </configurations>
    <configurations>
        <!--  <autoRefResolving>false</autoRefResolving> -->
        <autoRefResolving>true</autoRefResolving>
        <cached>false</cached>
        <clazz>uk.ac.ebi.jmzidml.model.mzidml.Affiliation</clazz>
        <idMapped>false</idMapped>
        <indexed>true</indexed>
        <refResolverClass>uk.ac.ebi.jmzidml.xml.jaxb.resolver.AffiliationRefResolver</refResolverClass>
        <tagName>Affiliation</tagName>
        <xpath>/MzIdentML/AuditCollection/Person/Affiliation</xpath>
    </configurations>
    <configurations>
        <autoRefResolving>false</autoRefResolving>
        <cached>false</cached>
        <clazz>uk.ac.ebi.jmzidml.model.mzidml.AmbiguousResidue</clazz>
        <cvParamClass>uk.ac.ebi.jmzidml.model.mzidml.params.AmbiguousResidueCvParam</cvParamClass>
        <idMapped>false</idMapped>
<!--         <indexed>false</indexed> -->
<!-- 	indexed due to rule(s): MassTableAmbiguousResidue_rule -->
        <indexed>true</indexed>
        <tagName>AmbiguousResidue</tagName>
        <userParamClass>uk.ac.ebi.jmzidml.model.mzidml.params.AmbiguousResidueUserParam</userParamClass>
        <xpath>/MzIdentML/AnalysisProtocolCollection/SpectrumIdentificationProtocol/MassTable/AmbiguousResidue</xpath>
    </configurations>
    <configurations>
        <autoRefResolving>false</autoRefResolving>
        <cached>false</cached>
        <clazz>uk.ac.ebi.jmzidml.model.mzidml.AnalysisCollection</clazz>
        <idMapped>false</idMapped>
        <indexed>false</indexed>
        <tagName>AnalysisCollection</tagName>
        <xpath>/MzIdentML/AnalysisCollection</xpath>
    </configurations>
    <configurations>
        <autoRefResolving>false</autoRefResolving>
        <cached>false</cached>
        <clazz>uk.ac.ebi.jmzidml.model.mzidml.AnalysisData</clazz>
        <idMapped>false</idMapped>
        <indexed>true</indexed>
        <tagName>AnalysisData</tagName>
        <xpath>/MzIdentML/DataCollection/AnalysisData</xpath>
    </configurations>
    <configurations>
        <autoRefResolving>false</autoRefResolving>
        <cached>false</cached>
        <clazz>uk.ac.ebi.jmzidml.model.mzidml.AnalysisProtocolCollection</clazz>
        <idMapped>false</idMapped>
        <indexed>true</indexed>
        <tagName>AnalysisProtocolCollection</tagName>
        <xpath>/MzIdentML/AnalysisProtocolCollection</xpath>
    </configurations>
    <configurations>
        <autoRefResolving>false</autoRefResolving>
        <cached>false</cached>
        <clazz>uk.ac.ebi.jmzidml.model.mzidml.AnalysisSampleCollection</clazz>
        <idMapped>false</idMapped>
        <indexed>true</indexed>
        <tagName>AnalysisSampleCollection</tagName>
        <xpath>/MzIdentML/AnalysisSampleCollection</xpath>
    </configurations>
    <configurations>
        <autoRefResolving>false</autoRefResolving>
        <cached>false</cached>
        <clazz>uk.ac.ebi.jmzidml.model.mzidml.SearchDatabase</clazz>
        <cvParamClass>uk.ac.ebi.jmzidml.model.mzidml.params.SearchDatabaseCvParam</cvParamClass>
        <idMapped>false</idMapped>
        <indexed>true</indexed>
        <tagName>SearchDatabase</tagName>
        <xpath>/MzIdentML/DataCollection/Inputs/SearchDatabase</xpath>
    </configurations>
    <configurations>
        <autoRefResolving>false</autoRefResolving>
        <cached>false</cached>
        <clazz>uk.ac.ebi.jmzidml.model.mzidml.AnalysisSoftware</clazz>
        <idMapped>false</idMapped>
        <indexed>true</indexed>
        <tagName>AnalysisSoftware</tagName>
        <xpath>/MzIdentML/AnalysisSoftwareList/AnalysisSoftware</xpath>
    </configurations>
    <configurations>
        <autoRefResolving>false</autoRefResolving>
        <cached>false</cached>
        <clazz>uk.ac.ebi.jmzidml.model.mzidml.AnalysisSoftwareList</clazz>
        <idMapped>false</idMapped>
        <indexed>false</indexed>
        <tagName>AnalysisSoftwareList</tagName>
        <xpath>/MzIdentML/AnalysisSoftwareList</xpath>
    </configurations>
    <configurations>
        <autoRefResolving>false</autoRefResolving>
        <cached>false</cached>
        <clazz>uk.ac.ebi.jmzidml.model.mzidml.AuditCollection</clazz>
        <idMapped>false</idMapped>
        <indexed>true</indexed>
        <tagName>AuditCollection</tagName>
        <xpath>/MzIdentML/AuditCollection</xpath>
    </configurations>
    <configurations>
        <autoRefResolving>false</autoRefResolving>
        <cached>false</cached>
        <clazz>uk.ac.ebi.jmzidml.model.mzidml.BibliographicReference</clazz>
        <idMapped>false</idMapped>
        <indexed>false</indexed>
        <tagName>BibliographicReference</tagName>
        <xpath>/MzIdentML/BibliographicReference</xpath>
    </configurations>
    <configurations>
        <autoRefResolving>true</autoRefResolving>
        <cached>false</cached>
        <clazz>uk.ac.ebi.jmzidml.model.mzidml.ContactRole</clazz>
        <idMapped>false</idMapped>
        <indexed>true</indexed>
        <refResolverClass>uk.ac.ebi.jmzidml.xml.jaxb.resolver.ContactRoleRefResolver</refResolverClass>
        <tagName>ContactRole</tagName>
        <xpath>/MzIdentML/AnalysisSoftwareList/AnalysisSoftware/ContactRole</xpath>
    </configurations>
    <configurations>
        <autoRefResolving>false</autoRefResolving>
        <cached>false</cached>
        <clazz>uk.ac.ebi.jmzidml.model.mzidml.Cv</clazz>
        <idMapped>true</idMapped>
        <indexed>true</indexed>
        <tagName>cv</tagName>
        <xpath>/MzIdentML/cvList/cv</xpath>
    </configurations>
    <configurations>
        <autoRefResolving>false</autoRefResolving>
        <cached>false</cached>
        <clazz>uk.ac.ebi.jmzidml.model.mzidml.CvList</clazz>
        <idMapped>false</idMapped>
        <indexed>true</indexed>
        <tagName>cvList</tagName>
        <xpath>/MzIdentML/cvList</xpath>
    </configurations>
    <configurations>
        <autoRefResolving>false</autoRefResolving>
        <cached>false</cached>
        <clazz>uk.ac.ebi.jmzidml.model.mzidml.CvParam</clazz>
        <idMapped>false</idMapped>
        <indexed>false</indexed>
        <refResolverClass>uk.ac.ebi.jmzidml.xml.jaxb.resolver.CvParamRefResolver</refResolverClass>
        <tagName>cvParam</tagName>
    </configurations>
    <configurations>
        <autoRefResolving>false</autoRefResolving>
        <cached>false</cached>
        <clazz>uk.ac.ebi.jmzidml.model.mzidml.DatabaseFilters</clazz>
        <idMapped>false</idMapped>
        <indexed>false</indexed>
        <tagName>DatabaseFilters</tagName>
        <xpath>/MzIdentML/AnalysisProtocolCollection/SpectrumIdentificationProtocol/DatabaseFilters</xpath>
    </configurations>
    <configurations>
        <autoRefResolving>false</autoRefResolving>
        <cached>false</cached>
        <clazz>uk.ac.ebi.jmzidml.model.mzidml.DatabaseTranslation</clazz>
        <idMapped>false</idMapped>
        <indexed>false</indexed>
        <tagName>DatabaseTranslation</tagName>
        <xpath>/MzIdentML/AnalysisProtocolCollection/SpectrumIdentificationProtocol/DatabaseTranslation</xpath>
    </configurations>
    <configurations>
        <autoRefResolving>false</autoRefResolving>
        <cached>false</cached>
        <clazz>uk.ac.ebi.jmzidml.model.mzidml.DataCollection</clazz>
        <idMapped>false</idMapped>
        <indexed>false</indexed>
        <tagName>DataCollection</tagName>
        <xpath>/MzIdentML/DataCollection</xpath>
    </configurations>
    <configurations>
        <autoRefResolving>false</autoRefResolving>
        <cached>false</cached>
        <clazz>uk.ac.ebi.jmzidml.model.mzidml.DBSequence</clazz>
        <cvParamClass>uk.ac.ebi.jmzidml.model.mzidml.params.DBSequenceCvParam</cvParamClass>
        <idMapped>false</idMapped>
        <indexed>true</indexed>
        <refResolverClass>uk.ac.ebi.jmzidml.xml.jaxb.resolver.DBSequenceRefResolver</refResolverClass>
        <tagName>DBSequence</tagName>
        <userParamClass>uk.ac.ebi.jmzidml.model.mzidml.params.DBSequenceUserParam</userParamClass>
        <xpath>/MzIdentML/SequenceCollection/DBSequence</xpath>
    </configurations>
    <configurations>
        <autoRefResolving>false</autoRefResolving>
        <cached>false</cached>
        <clazz>uk.ac.ebi.jmzidml.model.mzidml.Enzyme</clazz>
        <idMapped>false</idMapped>
        <indexed>true</indexed>
        <tagName>Enzyme</tagName>
        <xpath>/MzIdentML/AnalysisProtocolCollection/SpectrumIdentificationProtocol/Enzymes/Enzyme</xpath>
    </configurations>
    <configurations>
        <autoRefResolving>false</autoRefResolving>
        <cached>false</cached>
        <clazz>uk.ac.ebi.jmzidml.model.mzidml.Enzymes</clazz>
        <idMapped>false</idMapped>
        <indexed>false</indexed>
        <tagName>Enzymes</tagName>
        <xpath>/MzIdentML/AnalysisProtocolCollection/SpectrumIdentificationProtocol/Enzymes</xpath>
    </configurations>
    <configurations>
        <autoRefResolving>false</autoRefResolving>
        <cached>false</cached>
        <clazz>uk.ac.ebi.jmzidml.model.mzidml.ExternalData</clazz>
        <idMapped>false</idMapped>
        <indexed>false</indexed>
    </configurations>
    <configurations>
        <autoRefResolving>false</autoRefResolving>
        <cached>false</cached>
        <clazz>uk.ac.ebi.jmzidml.model.mzidml.FileFormat</clazz>
        <cvParamClass>uk.ac.ebi.jmzidml.model.mzidml.params.FileFormatCvParam</cvParamClass>
        <idMapped>false</idMapped>
        <indexed>false</indexed>
        <tagName>FileFormat</tagName>
    </configurations>
    <configurations>
        <autoRefResolving>false</autoRefResolving>
        <cached>false</cached>
        <clazz>uk.ac.ebi.jmzidml.model.mzidml.Filter</clazz>
        <idMapped>false</idMapped>
<!--         <indexed>false</indexed> -->
<!-- 		indexed due to rule(s): DatabaseDiltersFilterType_rule, DatabaseDiltersFilterInclude_rule, DatabaseDiltersFilterExclude_rule -->
        <indexed>true</indexed>
        <tagName>Filter</tagName>
        <xpath>/MzIdentML/AnalysisProtocolCollection/SpectrumIdentificationProtocol/DatabaseFilters/Filter</xpath>
    </configurations>
    <configurations>
        <autoRefResolving>false</autoRefResolving>
        <cached>false</cached>
        <clazz>uk.ac.ebi.jmzidml.model.mzidml.FragmentArray</clazz>
        <idMapped>false</idMapped>
        <indexed>false</indexed>
        <refResolverClass>uk.ac.ebi.jmzidml.xml.jaxb.resolver.FragmentArrayRefResolver</refResolverClass>
        <tagName>FragmentArray</tagName>
        <xpath>/MzIdentML/DataCollection/AnalysisData/SpectrumIdentificationList/SpectrumIdentificationResult/SpectrumIdentificationItem/Fragmentation/IonType/FragmentArray</xpath>
    </configurations>
    <configurations>
        <autoRefResolving>false</autoRefResolving>
        <cached>false</cached>
        <clazz>uk.ac.ebi.jmzidml.model.mzidml.Fragmentation</clazz>
        <idMapped>false</idMapped>
        <indexed>false</indexed>
        <tagName>Fragmentation</tagName>
        <xpath>/MzIdentML/DataCollection/AnalysisData/SpectrumIdentificationList/SpectrumIdentificationResult/SpectrumIdentificationItem/Fragmentation</xpath>
    </configurations>
    <configurations>
        <autoRefResolving>false</autoRefResolving>
        <cached>false</cached>
        <clazz>uk.ac.ebi.jmzidml.model.mzidml.FragmentationTable</clazz>
        <idMapped>false</idMapped>
        <indexed>true</indexed>
        <tagName>FragmentationTable</tagName>
        <xpath>/MzIdentML/DataCollection/AnalysisData/SpectrumIdentificationList/FragmentationTable</xpath>
    </configurations>
    <configurations>
        <autoRefResolving>false</autoRefResolving>
        <cached>false</cached>
        <clazz>uk.ac.ebi.jmzidml.model.mzidml.Identifiable</clazz>
        <idMapped>false</idMapped>
        <indexed>false</indexed>
    </configurations>
    <configurations>
        <autoRefResolving>false</autoRefResolving>
        <cached>false</cached>
        <clazz>uk.ac.ebi.jmzidml.model.mzidml.Inputs</clazz>
        <idMapped>false</idMapped>
        <indexed>true</indexed>
        <tagName>Inputs</tagName>
        <xpath>/MzIdentML/DataCollection/Inputs</xpath>
    </configurations>
    <configurations>
        <autoRefResolving>false</autoRefResolving>
        <cached>false</cached>
        <clazz>uk.ac.ebi.jmzidml.model.mzidml.InputSpectra</clazz>
        <idMapped>false</idMapped>
        <indexed>false</indexed>
        <refResolverClass>uk.ac.ebi.jmzidml.xml.jaxb.resolver.InputSpectraRefResolver</refResolverClass>
        <tagName>InputSpectra</tagName>
        <xpath>/MzIdentML/AnalysisCollection/SpectrumIdentification/InputSpectra</xpath>
    </configurations>
    <configurations>
        <autoRefResolving>false</autoRefResolving>
        <cached>false</cached>
        <clazz>uk.ac.ebi.jmzidml.model.mzidml.InputSpectrumIdentifications</clazz>
        <idMapped>false</idMapped>
        <indexed>false</indexed>
        <refResolverClass>uk.ac.ebi.jmzidml.xml.jaxb.resolver.InputSpectrumIdentificationsRefResolver</refResolverClass>
        <tagName>InputSpectrumIdentifications</tagName>
        <xpath>/MzIdentML/AnalysisCollection/ProteinDetection/InputSpectrumIdentifications</xpath>
    </configurations>
    <configurations>
        <autoRefResolving>false</autoRefResolving>
        <cached>false</cached>
        <clazz>uk.ac.ebi.jmzidml.model.mzidml.IonType</clazz>
        <cvParamClass>uk.ac.ebi.jmzidml.model.mzidml.params.IonTypeCvParam</cvParamClass>
        <idMapped>false</idMapped>
        <indexed>false</indexed>
        <tagName>IonType</tagName>
        <xpath>/MzIdentML/DataCollection/AnalysisData/SpectrumIdentificationList/SpectrumIdentificationResult/SpectrumIdentificationItem/Fragmentation/IonType</xpath>
    </configurations>
    <configurations>
        <autoRefResolving>false</autoRefResolving>
        <cached>false</cached>
        <clazz>uk.ac.ebi.jmzidml.model.mzidml.MassTable</clazz>
        <cvParamClass>uk.ac.ebi.jmzidml.model.mzidml.params.MassTableCvParam</cvParamClass>
        <idMapped>false</idMapped>
<!--         <indexed>false</indexed> -->
<!-- indexed due to rule(s): MassTable_rule -->
        <indexed>true</indexed>
        <tagName>MassTable</tagName>
        <userParamClass>uk.ac.ebi.jmzidml.model.mzidml.params.MassTableUserParam</userParamClass>
        <xpath>/MzIdentML/AnalysisProtocolCollection/SpectrumIdentificationProtocol/MassTable</xpath>
    </configurations>
    <configurations>
        <autoRefResolving>false</autoRefResolving>
        <cached>false</cached>
        <clazz>uk.ac.ebi.jmzidml.model.mzidml.Measure</clazz>
        <cvParamClass>uk.ac.ebi.jmzidml.model.mzidml.params.MeasureCvParam</cvParamClass>
        <idMapped>false</idMapped>
<!--         <indexed>false</indexed> -->
<!-- 		indexed due to rule(s): FragmentationTableMeasure_rule -->
        <indexed>true</indexed>
        <tagName>Measure</tagName>
        <xpath>/MzIdentML/DataCollection/AnalysisData/SpectrumIdentificationList/FragmentationTable/Measure</xpath>
    </configurations>
    <configurations>
        <autoRefResolving>false</autoRefResolving>
        <cached>false</cached>
        <clazz>uk.ac.ebi.jmzidml.model.mzidml.Modification</clazz>
        <cvParamClass>uk.ac.ebi.jmzidml.model.mzidml.params.ModificationCvParam</cvParamClass>
        <idMapped>false</idMapped>
        <indexed>false</indexed>
        <tagName>Modification</tagName>
        <userParamClass>uk.ac.ebi.jmzidml.model.mzidml.params.ModificationUserParam</userParamClass>
        <xpath>/MzIdentML/SequenceCollection/Peptide/Modification</xpath>
    </configurations>
    <configurations>
        <autoRefResolving>false</autoRefResolving>
        <cached>false</cached>
        <clazz>uk.ac.ebi.jmzidml.model.mzidml.ModificationParams</clazz>
        <idMapped>false</idMapped>
        <indexed>false</indexed>
        <tagName>ModificationParams</tagName>
        <xpath>/MzIdentML/AnalysisProtocolCollection/SpectrumIdentificationProtocol/ModificationParams</xpath>
    </configurations>
    <configurations>
        <autoRefResolving>false</autoRefResolving>
        <cached>false</cached>
        <clazz>uk.ac.ebi.jmzidml.model.mzidml.MzIdentML</clazz>
        <idMapped>true</idMapped>
        <indexed>true</indexed>
        <tagName>MzIdentML</tagName>
        <xpath>/MzIdentML</xpath>
    </configurations>
    <configurations>
        <autoRefResolving>false</autoRefResolving>
        <cached>false</cached>
        <clazz>uk.ac.ebi.jmzidml.model.mzidml.Organization</clazz>
        <cvParamClass>uk.ac.ebi.jmzidml.model.mzidml.params.OrganizationCvParam</cvParamClass>
        <idMapped>true</idMapped>
        <indexed>true</indexed>
        <tagName>Organization</tagName>
        <userParamClass>uk.ac.ebi.jmzidml.model.mzidml.params.OrganizationUserParam</userParamClass>
        <xpath>/MzIdentML/AuditCollection/Organization</xpath>
    </configurations>
    <configurations>
        <autoRefResolving>false</autoRefResolving>
        <cached>false</cached>
        <clazz>uk.ac.ebi.jmzidml.model.mzidml.Param</clazz>
        <idMapped>false</idMapped>
        <indexed>false</indexed>
    </configurations>
    <configurations>
        <autoRefResolving>false</autoRefResolving>
        <cached>false</cached>
        <clazz>uk.ac.ebi.jmzidml.model.mzidml.ParamList</clazz>
        <idMapped>false</idMapped>
        <indexed>false</indexed>
    </configurations>
    <configurations>
        <!-- <autoRefResolving>false</autoRefResolving> -->
        <autoRefResolving>true</autoRefResolving>
        <cached>false</cached>
        <clazz>uk.ac.ebi.jmzidml.model.mzidml.ParentOrganization</clazz>
        <idMapped>false</idMapped>
        <indexed>false</indexed>
        <refResolverClass>uk.ac.ebi.jmzidml.xml.jaxb.resolver.ParentOrganizationRefResolver</refResolverClass>
        <tagName>Parent</tagName>
        <xpath>/MzIdentML/AuditCollection/Organization/Parent</xpath>
    </configurations>
    <configurations>
        <autoRefResolving>false</autoRefResolving>
        <cached>false</cached>
        <clazz>uk.ac.ebi.jmzidml.model.mzidml.Peptide</clazz>
        <cvParamClass>uk.ac.ebi.jmzidml.model.mzidml.params.PeptideCvParam</cvParamClass>
        <idMapped>false</idMapped>
        <indexed>true</indexed>
        <tagName>Peptide</tagName>
        <userParamClass>uk.ac.ebi.jmzidml.model.mzidml.params.PeptideUserParam</userParamClass>
        <xpath>/MzIdentML/SequenceCollection/Peptide</xpath>
    </configurations>
    <configurations>
        <autoRefResolving>false</autoRefResolving>
        <cached>false</cached>
        <clazz>uk.ac.ebi.jmzidml.model.mzidml.PeptideEvidence</clazz>
        <cvParamClass>uk.ac.ebi.jmzidml.model.mzidml.params.PeptideEvidenceCvParam</cvParamClass>
        <idMapped>false</idMapped>
        <indexed>false</indexed>
        <refResolverClass>uk.ac.ebi.jmzidml.xml.jaxb.resolver.PeptideEvidenceResolver</refResolverClass>
        <tagName>PeptideEvidence</tagName>
        <userParamClass>uk.ac.ebi.jmzidml.model.mzidml.params.PeptideEvidenceUserParam</userParamClass>
        <xpath>/MzIdentML/SequenceCollection/PeptideEvidence</xpath>
    </configurations>
    <!-- was removed in latest schema version
    <configurations>
        <autoRefResolving>false</autoRefResolving>
        <cached>false</cached>
        <clazz>uk.ac.ebi.jmzidml.model.mzidml.PeptideEvidenceList</clazz>
        <cvParamClass>uk.ac.ebi.jmzidml.model.mzidml.params.PeptideEvidenceListCvParam</cvParamClass>
        <idMapped>true</idMapped>
        <indexed>true</indexed>
        <tagName>PeptideEvidenceList</tagName>
        <userParamClass>uk.ac.ebi.jmzidml.model.mzidml.params.PeptideEvidenceListUserParam</userParamClass>
        <xpath>/MzIdentML/SequenceCollection/PeptideEvidenceList</xpath>
    </configurations>
    -->
    <configurations>
        <autoRefResolving>false</autoRefResolving>
        <cached>false</cached>
        <clazz>uk.ac.ebi.jmzidml.model.mzidml.PeptideEvidenceRef</clazz>
        <idMapped>false</idMapped>
        <indexed>false</indexed>
        <refResolverClass>uk.ac.ebi.jmzidml.xml.jaxb.resolver.PeptideEvidenceRefResolver</refResolverClass>
        <tagName>PeptideEvidenceRef</tagName>
        <xpath>/MzIdentML/DataCollection/AnalysisData/SpectrumIdentificationList/SpectrumIdentificationResult/SpectrumIdentificationItem/PeptideEvidenceRef</xpath>
    </configurations>
    <configurations>
        <autoRefResolving>false</autoRefResolving>
        <cached>false</cached>
        <clazz>uk.ac.ebi.jmzidml.model.mzidml.PeptideHypothesis</clazz>
        <idMapped>false</idMapped>
        <indexed>false</indexed>
        <refResolverClass>uk.ac.ebi.jmzidml.xml.jaxb.resolver.PeptideHypothesisRefResolver</refResolverClass>
        <tagName>PeptideHypothesis</tagName>
        <xpath>/MzIdentML/DataCollection/AnalysisData/ProteinDetectionList/ProteinAmbiguityGroup/ProteinDetectionHypothesis/PeptideHypothesis</xpath>
    </configurations>
    <configurations>
        <autoRefResolving>false</autoRefResolving>
        <cached>false</cached>
        <clazz>uk.ac.ebi.jmzidml.model.mzidml.Person</clazz>
        <cvParamClass>uk.ac.ebi.jmzidml.model.mzidml.params.PersonCvParam</cvParamClass>
        <idMapped>true</idMapped>
        <indexed>true</indexed>
        <tagName>Person</tagName>
        <userParamClass>uk.ac.ebi.jmzidml.model.mzidml.params.PersonUserParam</userParamClass>
        <xpath>/MzIdentML/AuditCollection/Person</xpath>
    </configurations>
    <configurations>
        <autoRefResolving>false</autoRefResolving>
        <cached>false</cached>
        <clazz>uk.ac.ebi.jmzidml.model.mzidml.ProteinAmbiguityGroup</clazz>
        <cvParamClass>uk.ac.ebi.jmzidml.model.mzidml.params.ProteinAmbiguityGroupCvParam</cvParamClass>
        <idMapped>false</idMapped>
        <indexed>true</indexed>
        <tagName>ProteinAmbiguityGroup</tagName>
        <userParamClass>uk.ac.ebi.jmzidml.model.mzidml.params.ProteinAmbiguityGroupUserParam</userParamClass>
        <xpath>/MzIdentML/DataCollection/AnalysisData/ProteinDetectionList/ProteinAmbiguityGroup</xpath>
    </configurations>
    <configurations>
        <autoRefResolving>false</autoRefResolving>
        <cached>false</cached>
        <clazz>uk.ac.ebi.jmzidml.model.mzidml.ProteinDetection</clazz>
        <idMapped>false</idMapped>
        <indexed>false</indexed>
        <refResolverClass>uk.ac.ebi.jmzidml.xml.jaxb.resolver.ProteinDetectionRefResolver</refResolverClass>
        <tagName>ProteinDetection</tagName>
        <xpath>/MzIdentML/AnalysisCollection/ProteinDetection</xpath>
    </configurations>
    <configurations>
        <autoRefResolving>false</autoRefResolving>
        <cached>false</cached>
        <clazz>uk.ac.ebi.jmzidml.model.mzidml.ProteinDetectionHypothesis</clazz>
        <cvParamClass>uk.ac.ebi.jmzidml.model.mzidml.params.ProteinDetectionHypothesisCvParam</cvParamClass>
        <idMapped>false</idMapped>
        <indexed>true</indexed>
        <refResolverClass>uk.ac.ebi.jmzidml.xml.jaxb.resolver.ProteinDetectionHypothesisRefResolver</refResolverClass>
        <tagName>ProteinDetectionHypothesis</tagName>
        <userParamClass>uk.ac.ebi.jmzidml.model.mzidml.params.ProteinDetectionHypothesisUserParam</userParamClass>
        <xpath>/MzIdentML/DataCollection/AnalysisData/ProteinDetectionList/ProteinAmbiguityGroup/ProteinDetectionHypothesis</xpath>
    </configurations>
    <configurations>
        <autoRefResolving>false</autoRefResolving>
        <cached>false</cached>
        <clazz>uk.ac.ebi.jmzidml.model.mzidml.ProteinDetectionList</clazz>
        <cvParamClass>uk.ac.ebi.jmzidml.model.mzidml.params.ProteinDetectionListCvParam</cvParamClass>
        <idMapped>false</idMapped>
<!--         <indexed>false</indexed> -->
<!-- changed for mzid 1.2 validation -->
        <indexed>true</indexed>
        <tagName>ProteinDetectionList</tagName>
        <userParamClass>uk.ac.ebi.jmzidml.model.mzidml.params.ProteinDetectionListUserParam</userParamClass>
        <xpath>/MzIdentML/DataCollection/AnalysisData/ProteinDetectionList</xpath>
    </configurations>
    <configurations>
        <autoRefResolving>false</autoRefResolving>
        <cached>false</cached>
        <clazz>uk.ac.ebi.jmzidml.model.mzidml.ProteinDetectionProtocol</clazz>
        <idMapped>false</idMapped>
        <indexed>true</indexed>
        <refResolverClass>uk.ac.ebi.jmzidml.xml.jaxb.resolver.ProteinDetectionProtocolRefResolver</refResolverClass>
        <tagName>ProteinDetectionProtocol</tagName>
        <xpath>/MzIdentML/AnalysisProtocolCollection/ProteinDetectionProtocol</xpath>
    </configurations>
    <configurations>
        <autoRefResolving>false</autoRefResolving>
        <cached>false</cached>
        <clazz>uk.ac.ebi.jmzidml.model.mzidml.ProtocolApplication</clazz>
        <idMapped>false</idMapped>
        <indexed>false</indexed>
    </configurations>
    <configurations>
        <autoRefResolving>false</autoRefResolving>
        <cached>false</cached>
        <clazz>uk.ac.ebi.jmzidml.model.mzidml.Provider</clazz>
        <idMapped>true</idMapped>
        <indexed>true</indexed>
        <refResolverClass>uk.ac.ebi.jmzidml.xml.jaxb.resolver.ProviderRefResolver</refResolverClass>
        <tagName>Provider</tagName>
        <xpath>/MzIdentML/Provider</xpath>
    </configurations>
    <configurations>
        <autoRefResolving>false</autoRefResolving>
        <cached>false</cached>
        <clazz>uk.ac.ebi.jmzidml.model.mzidml.Residue</clazz>
        <idMapped>false</idMapped>
        <indexed>false</indexed>
        <tagName>Residue</tagName>
        <xpath>/MzIdentML/AnalysisProtocolCollection/SpectrumIdentificationProtocol/MassTable/Residue</xpath>
    </configurations>
    <configurations>
        <autoRefResolving>false</autoRefResolving>
        <cached>false</cached>
        <clazz>uk.ac.ebi.jmzidml.model.mzidml.Role</clazz>
        <cvParamClass>uk.ac.ebi.jmzidml.model.mzidml.params.RoleCvParam</cvParamClass>
        <idMapped>false</idMapped>
        <indexed>true</indexed>
        <tagName>Role</tagName>
        <xpath>/MzIdentML/AnalysisSoftwareList/AnalysisSoftware/ContactRole/Role</xpath>
    </configurations>
    <configurations>
        <autoRefResolving>false</autoRefResolving>
        <cached>false</cached>
        <clazz>uk.ac.ebi.jmzidml.model.mzidml.Sample</clazz>
        <cvParamClass>uk.ac.ebi.jmzidml.model.mzidml.params.SampleCvParam</cvParamClass>
        <idMapped>false</idMapped>
        <indexed>false</indexed>
        <tagName>Sample</tagName>
        <userParamClass>uk.ac.ebi.jmzidml.model.mzidml.params.SampleUserParam</userParamClass>
        <xpath>/MzIdentML/AnalysisSampleCollection/Sample</xpath>
    </configurations>
    <configurations>
        <autoRefResolving>false</autoRefResolving>
        <cached>false</cached>
        <clazz>uk.ac.ebi.jmzidml.model.mzidml.SearchDatabaseRef</clazz>
        <idMapped>false</idMapped>
        <indexed>false</indexed>
        <refResolverClass>uk.ac.ebi.jmzidml.xml.jaxb.resolver.SearchDatabaseRefResolver</refResolverClass>
        <tagName>SearchDatabaseRef</tagName>
        <xpath>/MzIdentML/AnalysisCollection/SpectrumIdentification/SearchDatabaseRef</xpath>
    </configurations>
    <configurations>
        <autoRefResolving>false</autoRefResolving>
        <cached>false</cached>
        <clazz>uk.ac.ebi.jmzidml.model.mzidml.SearchModification</clazz>
        <idMapped>false</idMapped>
        <indexed>true</indexed>
        <tagName>SearchModification</tagName>
        <xpath>/MzIdentML/AnalysisProtocolCollection/SpectrumIdentificationProtocol/ModificationParams/SearchModification</xpath>
    </configurations>
    <configurations>
        <autoRefResolving>false</autoRefResolving>
        <cached>false</cached>
        <clazz>uk.ac.ebi.jmzidml.model.mzidml.SequenceCollection</clazz>
        <idMapped>false</idMapped>
        <indexed>false</indexed>
        <tagName>SequenceCollection</tagName>
        <xpath>/MzIdentML/SequenceCollection</xpath>
    </configurations>
    <configurations>
        <autoRefResolving>false</autoRefResolving>
        <cached>false</cached>
        <clazz>uk.ac.ebi.jmzidml.model.mzidml.SourceFile</clazz>
        <cvParamClass>uk.ac.ebi.jmzidml.model.mzidml.params.SourceFileCvParam</cvParamClass>
        <idMapped>false</idMapped>
<!--         <indexed>false</indexed> -->
<!-- 		because of SourceFileFileFormat_rule, SourceFile_rule -->
        <indexed>true</indexed>        
        <tagName>SourceFile</tagName>
        <userParamClass>uk.ac.ebi.jmzidml.model.mzidml.params.SourceFileUserParam</userParamClass>
        <xpath>/MzIdentML/DataCollection/Inputs/SourceFile</xpath>
    </configurations>
    <configurations>
        <autoRefResolving>false</autoRefResolving>
        <cached>false</cached>
        <clazz>uk.ac.ebi.jmzidml.model.mzidml.SpecificityRules</clazz>
        <cvParamClass>uk.ac.ebi.jmzidml.model.mzidml.params.SpecificityRulesCvParam</cvParamClass>
        <idMapped>false</idMapped>
<!--         <indexed>false</indexed> -->
<!-- 		indexed due to rule(s): SearchModificationSpecificityRules_rule -->
        <indexed>true</indexed>
        <tagName>SpecificityRules</tagName>
        <xpath>/MzIdentML/AnalysisProtocolCollection/SpectrumIdentificationProtocol/ModificationParams/SearchModification/SpecificityRules</xpath>
    </configurations>
    <configurations>
        <autoRefResolving>false</autoRefResolving>
        <cached>false</cached>
        <clazz>uk.ac.ebi.jmzidml.model.mzidml.SpectraData</clazz>
        <idMapped>false</idMapped>
<!--         <indexed>false</indexed> -->
<!-- 		indexed due to rule(s): SpectraDataFileFormat_rule -->
        <indexed>true</indexed>
        <tagName>SpectraData</tagName>
        <xpath>/MzIdentML/DataCollection/Inputs/SpectraData</xpath>
    </configurations>
    <configurations>
        <autoRefResolving>false</autoRefResolving>
        <cached>false</cached>
        <clazz>uk.ac.ebi.jmzidml.model.mzidml.SpectrumIdentification</clazz>
        <idMapped>false</idMapped>
        <indexed>false</indexed>
        <refResolverClass>uk.ac.ebi.jmzidml.xml.jaxb.resolver.SpectrumIdentificationRefResolver</refResolverClass>
        <tagName>SpectrumIdentification</tagName>
        <xpath>/MzIdentML/AnalysisCollection/SpectrumIdentification</xpath>
    </configurations>
    <configurations>
        <autoRefResolving>false</autoRefResolving>
        <cached>false</cached>
        <clazz>uk.ac.ebi.jmzidml.model.mzidml.SpectrumIdentificationItem</clazz>
        <cvParamClass>uk.ac.ebi.jmzidml.model.mzidml.params.SpectrumIdentificationItemCvParam</cvParamClass>
        <idMapped>false</idMapped>
        <indexed>true</indexed>
        <refResolverClass>uk.ac.ebi.jmzidml.xml.jaxb.resolver.SpectrumIdentificationItemRefResolver</refResolverClass>
        <tagName>SpectrumIdentificationItem</tagName>
        <userParamClass>uk.ac.ebi.jmzidml.model.mzidml.params.SpectrumIdentificationItemUserParam</userParamClass>
        <xpath>/MzIdentML/DataCollection/AnalysisData/SpectrumIdentificationList/SpectrumIdentificationResult/SpectrumIdentificationItem</xpath>
    </configurations>
    <configurations>
        <autoRefResolving>false</autoRefResolving>
        <cached>false</cached>
        <clazz>uk.ac.ebi.jmzidml.model.mzidml.SpectrumIdentificationItemRef</clazz>
        <idMapped>false</idMapped>
        <indexed>false</indexed>
        <refResolverClass>uk.ac.ebi.jmzidml.xml.jaxb.resolver.SpectrumIdentificationItemRefRefResolver</refResolverClass>
        <tagName>SpectrumIdentificationItemRef</tagName>
        <xpath>/MzIdentML/DataCollection/AnalysisData/ProteinDetectionList/ProteinAmbiguityGroup/ProteinDetectionHypothesis/PeptideHypothesis/SpectrumIdentificationItemRef</xpath>
    </configurations>
    <configurations>
        <autoRefResolving>false</autoRefResolving>
        <cached>false</cached>
        <clazz>uk.ac.ebi.jmzidml.model.mzidml.SpectrumIdentificationList</clazz>
        <cvParamClass>uk.ac.ebi.jmzidml.model.mzidml.params.SpectrumIdentificationListCvParam</cvParamClass>
        <idMapped>false</idMapped>
        
<!--         <indexed>false</indexed> -->
<!-- indexed due to rule(s) SpectrumIdentificationList_PSMListType_rule -->
        <indexed>true</indexed>
        <tagName>SpectrumIdentificationList</tagName>
        <userParamClass>uk.ac.ebi.jmzidml.model.mzidml.params.SpectrumIdentificationListUserParam</userParamClass>
        <xpath>/MzIdentML/DataCollection/AnalysisData/SpectrumIdentificationList</xpath>
    </configurations>
    <configurations>
        <autoRefResolving>false</autoRefResolving>
        <cached>false</cached>
        <clazz>uk.ac.ebi.jmzidml.model.mzidml.SpectrumIdentificationProtocol</clazz>
        <idMapped>false</idMapped>
        <indexed>true</indexed>
        <refResolverClass>uk.ac.ebi.jmzidml.xml.jaxb.resolver.SpectrumIdentificationProtocolRefResolver</refResolverClass>
        <tagName>SpectrumIdentificationProtocol</tagName>
        <xpath>/MzIdentML/AnalysisProtocolCollection/SpectrumIdentificationProtocol</xpath>
    </configurations>
    <configurations>
        <autoRefResolving>false</autoRefResolving>
        <cached>false</cached>
        <clazz>uk.ac.ebi.jmzidml.model.mzidml.SpectrumIdentificationResult</clazz>
        <cvParamClass>uk.ac.ebi.jmzidml.model.mzidml.params.SpectrumIdentificationResultCvParam</cvParamClass>
        <idMapped>false</idMapped>
        <indexed>true</indexed>
        <refResolverClass>uk.ac.ebi.jmzidml.xml.jaxb.resolver.SpectrumIdentificationResultRefResolver</refResolverClass>
        <tagName>SpectrumIdentificationResult</tagName>
        <userParamClass>uk.ac.ebi.jmzidml.model.mzidml.params.SpectrumIdentificationResultUserParam</userParamClass>
        <xpath>/MzIdentML/DataCollection/AnalysisData/SpectrumIdentificationList/SpectrumIdentificationResult</xpath>
    </configurations>
    <configurations>
        <autoRefResolving>false</autoRefResolving>
        <cached>false</cached>
        <clazz>uk.ac.ebi.jmzidml.model.mzidml.SpectrumIDFormat</clazz>
        <cvParamClass>uk.ac.ebi.jmzidml.model.mzidml.params.SpectrumIDFormatCvParam</cvParamClass>
        <idMapped>false</idMapped>
<!--         <indexed>false</indexed> -->
<!-- 		indexed due to rule(s) SpectraDataSpectrumIDFormat -->
        <indexed>true</indexed>
        <tagName>SpectrumIDFormat</tagName>
        <xpath>/MzIdentML/DataCollection/Inputs/SpectraData/SpectrumIDFormat</xpath>
    </configurations>
    <configurations>
        <autoRefResolving>false</autoRefResolving>
        <cached>false</cached>
        <clazz>uk.ac.ebi.jmzidml.model.mzidml.SubSample</clazz>
        <idMapped>false</idMapped>
        <indexed>false</indexed>
        <refResolverClass>uk.ac.ebi.jmzidml.xml.jaxb.resolver.SubSampleRefResolver</refResolverClass>
        <tagName>SubSample</tagName>
        <xpath>/MzIdentML/AnalysisSampleCollection/Sample/SubSample</xpath>
    </configurations>
    <configurations>
        <autoRefResolving>false</autoRefResolving>
        <cached>false</cached>
        <clazz>uk.ac.ebi.jmzidml.model.mzidml.SubstitutionModification</clazz>
        <idMapped>false</idMapped>
        <indexed>false</indexed>
        <tagName>SubstitutionModification</tagName>
        <xpath>/MzIdentML/SequenceCollection/Peptide/SubstitutionModification</xpath>
    </configurations>
    <configurations>
        <autoRefResolving>false</autoRefResolving>
        <cached>false</cached>
        <clazz>uk.ac.ebi.jmzidml.model.mzidml.Tolerance</clazz>
        <cvParamClass>uk.ac.ebi.jmzidml.model.mzidml.params.ToleranceCvParam</cvParamClass>
        <idMapped>false</idMapped>
        <indexed>false</indexed>
    </configurations>
    <configurations>
        <autoRefResolving>false</autoRefResolving>
        <cached>false</cached>
        <clazz>uk.ac.ebi.jmzidml.model.mzidml.TranslationTable</clazz>
        <cvParamClass>uk.ac.ebi.jmzidml.model.mzidml.params.TranslationTableCvParam</cvParamClass>
        <idMapped>false</idMapped>
<!--         <indexed>false</indexed> -->
<!-- indexed due to rule(s) DatabaseTranslationTranslationTable_rule -->
		<indexed>true</indexed>
        <tagName>TranslationTable</tagName>
        <xpath>/MzIdentML/AnalysisProtocolCollection/SpectrumIdentificationProtocol/DatabaseTranslation/TranslationTable</xpath>
    </configurations>
    <configurations>
        <autoRefResolving>false</autoRefResolving>
        <cached>false</cached>
        <clazz>uk.ac.ebi.jmzidml.model.mzidml.UserParam</clazz>
        <idMapped>false</idMapped>
        <indexed>false</indexed>
        <tagName>userParam</tagName>
    </configurations>
</mzIdentMLElementProperties>

