<cvSourceList xmlns:xsi="http://www.w3.org/2001/XMLSchema-instance"
	xsi:noNamespaceSchemaLocation="http://www.psidev.info/files/validator/CvSourceList.xsd">
    <!--
    <cvSource
        source="psidev.psi.tools.ontology_manager.impl.ols.OlsOntology"
        uri="https://code.google.com/p/ebi-pride/source/browse/trunk/pride-core/schema/pride_cv.obo"
        format="OBO" name="PRIDE Ontology" identifier="PRIDE" version="06:03:2012 11:34"/>
    -->
    
	<cvSource 
		source="psidev.psi.tools.ontology_manager.impl.ols.OlsOntology" 
        uri="http://www.brenda-enzymes.org/ontology/tissue/tree/update/update_files/BrendaTissueOBO"
		format="OBO" name="BRENDA Tissue and Enzyme Source Ontology" identifier="BTO" version="24:10:2015 14:39"/>
    <cvSource 
    	source="psidev.psi.tools.ontology_manager.impl.ols.OlsOntology" 
        uri="http://www.geneontology.org/ontology/gene_ontology.obo"
    	format="OBO" name="Gene Ontology" identifier="GO" version="releases/2017-01-26"/>
    <cvSource 
    	source="psidev.psi.tools.ontology_manager.impl.ols.OlsOntology" 
        uri="https://raw.githubusercontent.com/pato-ontology/pato/master/pato.obo"
    	format="OBO" name="Phenotypic Quality Ontology" identifier="PATO" version="releases/2016-09-15"/>
    <cvSource 
    	source="psidev.psi.tools.ontology_manager.impl.ols.OlsOntology" 
        uri="https://raw.githubusercontent.com/MICommunity/psidev/master/psi/mod/data/PSI-MOD-1.013.1.OBO"
    	format="OBO"  name="Protein Modification Ontology" identifier="MOD" version="30:05:2014 00:48"/>
    <cvSource 
    	source="psidev.psi.tools.ontology_manager.impl.ols.OlsOntology" 
        uri="https://raw.githubusercontent.com/HUPO-PSI/psi-ms-CV/master/psi-ms.obo"
    	format="OBO" name="Mass Spectrometry Ontology" identifier="MS" version="4.0.9"/>
    <cvSource 
    	source="psidev.psi.tools.ontology_manager.impl.local.LocalOntology" 
    	uri="http://www.unimod.org/obo/unimod.obo"
    	format="OBO" name="UNIMOD" identifier="UNIMOD" version="2016:09:23 13:49"/>
    <cvSource 
    	source="psidev.psi.tools.ontology_manager.impl.ols.OlsOntology"
        uri="https://raw.githubusercontent.com/bio-ontology-research-group/unit-ontology/master/unit.obo"
    	format="OBO" name="Units of Measurement Ontology" identifier="UO" version="09:04:2014 13:37"/>
    <cvSource 
    	source="psidev.psi.tools.ontology_manager.impl.ols.OlsOntology" 
        uri="https://raw.githubusercontent.com/HUPO-PSI/mzIdentML/master/cv/XLMOD.obo"
    	format="OBO" name="Cross-Linker Reagents Ontology" identifier="XLMOD" version="releases/2016-07-13"/>
</cvSourceList>
